Workbook

Sheet 每日指标
A1: 日期 | B1: 上证涨跌% | C1: 创业板涨跌% | D1: 成交额(亿) | E1: 北向资金(亿) | F1: 上涨家数 | G1: 下跌家数 | H1: 涨跌比 | I1: 涨停数 | J1: 跌停数 | K1: 封板率% | L1: 炸板数 | M1: 昨涨停溢价% | N1: 最高连板 | O1: 2板家数 | P1: 3板家数 | Q1: 4板+家数 | R1: 情绪得分 | S1: 情绪周期 | T1: 备注
A2: 2026-02-23 | B2: -1.52 | C2: -2.34 | D2: 7850 | E2: -68 | F2: 1023 | G2: 3856 | H2: =F2/G2 | I2: 18 | J2: 35 | K2: 38 | L2: 12 | M2: -5.8 | N2: 2 | O2: 3 | P2: 0 | Q2: 0 | R2: ='情绪评分'!N2 | S2: ='情绪评分'!O2
A3: 2026-02-24 | B3: 0.85 | C3: 1.12 | D3: 9200 | E3: 42 | F3: 3200 | G3: 1680 | H3: =F3/G3 | I3: 55 | J3: 8 | K3: 62 | L3: 8 | M3: 1.5 | N3: 3 | O3: 8 | P3: 2 | Q3: 0 | R3: ='情绪评分'!N3 | S3: ='情绪评分'!O3
A4: 2026-02-25 | B4: 1.68 | C4: 2.45 | D4: 12500 | E4: 95 | F4: 4100 | G4: 820 | H4: =F4/G4 | I4: 98 | J4: 2 | K4: 78 | L4: 5 | M4: 4.2 | N4: 5 | O4: 12 | P4: 5 | Q4: 3 | R4: ='情绪评分'!N4 | S4: ='情绪评分'!O4

Sheet 涨停明细
A1: 日期 | B1: 股票代码 | C1: 股票名称 | D1: 连板数 | E1: 所属题材 | F1: 封板时间 | G1: 封单金额(亿) | H1: 是否炸板 | I1: 最终状态 | J1: 备注
A2: 2026-02-23 | B2: 000001 | C2: 示例A | D2: 1 | E2: 芯片半导体 | F2: 10:15 | G2: 1.2 | H2: 否 | I2: 封板
A3: 2026-02-23 | B3: 600001 | C3: 示例B | D3: 2 | E3: 人工智能 | F3: 09:35 | G3: 3.5 | H3: 否 | I3: 封板 | J3: 2连板
A4: 2026-02-23 | B4: 300001 | C4: 示例C | D4: 1 | E4: 机器人 | F4: 13:42 | G4: 0.8 | H4: 是 | I4: 炸板回封 | J4: 尾盘回封
A5: 2026-02-24 | B5: 600001 | C5: 示例B | D5: 3 | E5: 人工智能 | F5: 09:42 | G5: 5.2 | H5: 否 | I5: 封板 | J5: 3连板晋级
A6: 2026-02-24 | B6: 000002 | C6: 示例D | D6: 1 | E6: 人工智能 | F6: 10:05 | G6: 1.8 | H6: 否 | I6: 封板 | J6: 跟风
A7: 2026-02-24 | B7: 300002 | C7: 示例E | D7: 2 | E7: 机器人 | F7: 09:55 | G7: 2.1 | H7: 否 | I7: 封板
A8: 2026-02-24 | B8: 600002 | C8: 示例F | D8: 1 | E8: 低空经济 | F8: 14:10 | G8: 0.6 | H8: 是 | I8: 炸板 | J8: 封不住
A9: 2026-02-25 | B9: 600001 | C9: 示例B | D9: 5 | E9: 人工智能 | F9: 09:25 | G9: 8.6 | H9: 否 | I9: 封板 | J9: 一字板5连板
A10: 2026-02-25 | B10: 300002 | C10: 示例E | D10: 3 | E10: 机器人 | F10: 09:48 | G10: 3.8 | H10: 否 | I10: 封板 | J10: 3连板
A11: 2026-02-25 | B11: 000003 | C11: 示例G | D11: 2 | E11: 低空经济 | F11: 10:20 | G11: 2 | H11: 否 | I11: 封板
A12: 2026-02-25 | B12: 600003 | C12: 示例H | D12: 1 | E12: 人工智能 | F12: 11:05 | G12: 1.5 | H12: 否 | I12: 封板 | J12: 补涨首板
A13: 2026-02-25 | B13: 300003 | C13: 示例I | D13: 1 | E13: 机器人 | F13: 13:30 | G13: 0.9 | H13: 是 | I13: 炸板回封

Sheet 龙头跟踪
A1: 日期 | B1: 龙头类型 | C1: 股票名称 | D1: 股票代码 | E1: 板数/涨幅 | F1: 所属题材 | G1: 当日状态 | H1: 次日表现 | I1: 周期角色 | J1: 备注
A2: 2026-02-23 | B2: 总龙头 | C2: 示例B | D2: 600001 | E2: 2板 | F2: 人工智能 | G2: 分歧 | I2: 退潮期高标 | J2: 市场最高板，但仅2板，情绪冰点
A3: 2026-02-24 | B3: 总龙头 | C3: 示例B | D3: 600001 | E3: 3板 | F3: 人工智能 | G3: 加速 | I3: 回暖龙头 | J3: 缩量加速，市场转暖信号
A4: 2026-02-24 | B4: 补涨龙 | C4: 示例E | D4: 300002 | E4: 2板 | F4: 机器人 | G4: 换手 | I4: 分支试探 | J4: 跨题材补涨
A5: 2026-02-25 | B5: 总龙头 | C5: 示例B | D5: 600001 | E5: 5板 | F5: 人工智能 | G5: 加速(一字) | I5: 高潮龙头 | J5: 一字加速，带动板块整体爆发
A6: 2026-02-25 | B6: 补涨龙 | C6: 示例E | D6: 300002 | E6: 3板 | F6: 机器人 | G6: 加速 | I6: 分支确认 | J6: 跨题材补涨确认
A7: 2026-02-25 | B7: 卡位龙 | C7: 示例G | D7: 000003 | E7: 2板 | F7: 低空经济 | G7: 换手 | I7: 新分支 | J7: 低空经济新方向试探

Sheet 情绪评分
A1: 日期 | B1: 涨停数 | C1: 涨停数评分 | D1: 封板率% | E1: 封板率评分 | F1: 昨涨停溢价% | G1: 溢价评分 | H1: 最高连板 | I1: 连板评分 | J1: 涨跌比 | K1: 涨跌比评分 | L1: 跌停数 | M1: 跌停评分 | N1: 情绪综合得分 | O1: 情绪周期 | P1: 仓位建议
A2: 2026-02-23 | B2: 18 | C2: =IF(B2="","",IF(B2<20,1.5,IF(B2<40,3.5,IF(B2<70,5.5,IF(B2<100,7.5,9.5))))) | D2: 38 | E2: =IF(D2="","",IF(D2<40,2,IF(D2<55,4.5,IF(D2<70,6.5,IF(D2<85,8.5,10))))) | F2: -5.8 | G2: =IF(F2="","",IF(F2<-5,1,IF(F2<-2,2.5,IF(F2<0,4.5,IF(F2<3,6.5,IF(F2<6,8.5,10)))))) | H2: 2 | I2: =IF(H2="","",IF(H2<2,1,IF(H2<3,3,IF(H2<4,5,IF(H2<6,7,IF(H2<8,8,9.5)))))) | J2: 0.27 | K2: =IF(J2="","",IF(J2<0.3,1,IF(J2<0.6,2.5,IF(J2<1,4.5,IF(J2<2,6.5,IF(J2<3,8.5,10)))))) | L2: 35 | M2: =IF(L2="","",IF(L2>30,1,IF(L2>20,2.5,IF(L2>10,4.5,IF(L2>5,6.5,IF(L2>0,8.5,10)))))) | N2: =IF(C2="","",ROUND(C2*0.15+E2*0.15+G2*0.25+I2*0.15+K2*0.15+M2*0.15,1)) | O2: =IF(N2="","",IF(N2<3,"冰点期",IF(N2<5,"退潮/修复期",IF(N2<7,"回暖/上升期",IF(N2<9,"高潮期","极度亢奋"))))) | P2: =IF(N2="","",IF(N2<3,"空仓观望",IF(N2<5,"1-2成试探",IF(N2<7,"3-5成正常参与",IF(N2<9,"5-8成积极参与","3成以下防守")))))
A3: 2026-02-24 | B3: 55 | C3: =IF(B3="","",IF(B3<20,1.5,IF(B3<40,3.5,IF(B3<70,5.5,IF(B3<100,7.5,9.5))))) | D3: 62 | E3: =IF(D3="","",IF(D3<40,2,IF(D3<55,4.5,IF(D3<70,6.5,IF(D3<85,8.5,10))))) | F3: 1.5 | G3: =IF(F3="","",IF(F3<-5,1,IF(F3<-2,2.5,IF(F3<0,4.5,IF(F3<3,6.5,IF(F3<6,8.5,10)))))) | H3: 3 | I3: =IF(H3="","",IF(H3<2,1,IF(H3<3,3,IF(H3<4,5,IF(H3<6,7,IF(H3<8,8,9.5)))))) | J3: 1.9 | K3: =IF(J3="","",IF(J3<0.3,1,IF(J3<0.6,2.5,IF(J3<1,4.5,IF(J3<2,6.5,IF(J3<3,8.5,10)))))) | L3: 8 | M3: =IF(L3="","",IF(L3>30,1,IF(L3>20,2.5,IF(L3>10,4.5,IF(L3>5,6.5,IF(L3>0,8.5,10)))))) | N3: =IF(C3="","",ROUND(C3*0.15+E3*0.15+G3*0.25+I3*0.15+K3*0.15+M3*0.15,1)) | O3: =IF(N3="","",IF(N3<3,"冰点期",IF(N3<5,"退潮/修复期",IF(N3<7,"回暖/上升期",IF(N3<9,"高潮期","极度亢奋"))))) | P3: =IF(N3="","",IF(N3<3,"空仓观望",IF(N3<5,"1-2成试探",IF(N3<7,"3-5成正常参与",IF(N3<9,"5-8成积极参与","3成以下防守")))))
A4: 2026-02-25 | B4: 98 | C4: =IF(B4="","",IF(B4<20,1.5,IF(B4<40,3.5,IF(B4<70,5.5,IF(B4<100,7.5,9.5))))) | D4: 78 | E4: =IF(D4="","",IF(D4<40,2,IF(D4<55,4.5,IF(D4<70,6.5,IF(D4<85,8.5,10))))) | F4: 4.2 | G4: =IF(F4="","",IF(F4<-5,1,IF(F4<-2,2.5,IF(F4<0,4.5,IF(F4<3,6.5,IF(F4<6,8.5,10)))))) | H4: 5 | I4: =IF(H4="","",IF(H4<2,1,IF(H4<3,3,IF(H4<4,5,IF(H4<6,7,IF(H4<8,8,9.5)))))) | J4: 5 | K4: =IF(J4="","",IF(J4<0.3,1,IF(J4<0.6,2.5,IF(J4<1,4.5,IF(J4<2,6.5,IF(J4<3,8.5,10)))))) | L4: 2 | M4: =IF(L4="","",IF(L4>30,1,IF(L4>20,2.5,IF(L4>10,4.5,IF(L4>5,6.5,IF(L4>0,8.5,10)))))) | N4: =IF(C4="","",ROUND(C4*0.15+E4*0.15+G4*0.25+I4*0.15+K4*0.15+M4*0.15,1)) | O4: =IF(N4="","",IF(N4<3,"冰点期",IF(N4<5,"退潮/修复期",IF(N4<7,"回暖/上升期",IF(N4<9,"高潮期","极度亢奋"))))) | P4: =IF(N4="","",IF(N4<3,"空仓观望",IF(N4<5,"1-2成试探",IF(N4<7,"3-5成正常参与",IF(N4<9,"5-8成积极参与","3成以下防守")))))
C5: =IF(B5="","",IF(B5<20,1.5,IF(B5<40,3.5,IF(B5<70,5.5,IF(B5<100,7.5,9.5))))) | E5: =IF(D5="","",IF(D5<40,2,IF(D5<55,4.5,IF(D5<70,6.5,IF(D5<85,8.5,10))))) | G5: =IF(F5="","",IF(F5<-5,1,IF(F5<-2,2.5,IF(F5<0,4.5,IF(F5<3,6.5,IF(F5<6,8.5,10)))))) | I5: =IF(H5="","",IF(H5<2,1,IF(H5<3,3,IF(H5<4,5,IF(H5<6,7,IF(H5<8,8,9.5)))))) | K5: =IF(J5="","",IF(J5<0.3,1,IF(J5<0.6,2.5,IF(J5<1,4.5,IF(J5<2,6.5,IF(J5<3,8.5,10)))))) | M5: =IF(L5="","",IF(L5>30,1,IF(L5>20,2.5,IF(L5>10,4.5,IF(L5>5,6.5,IF(L5>0,8.5,10)))))) | N5: =IF(C5="","",ROUND(C5*0.15+E5*0.15+G5*0.25+I5*0.15+K5*0.15+M5*0.15,1)) | O5: =IF(N5="","",IF(N5<3,"冰点期",IF(N5<5,"退潮/修复期",IF(N5<7,"回暖/上升期",IF(N5<9,"高潮期","极度亢奋"))))) | P5: =IF(N5="","",IF(N5<3,"空仓观望",IF(N5<5,"1-2成试探",IF(N5<7,"3-5成正常参与",IF(N5<9,"5-8成积极参与","3成以下防守")))))
C6: =IF(B6="","",IF(B6<20,1.5,IF(B6<40,3.5,IF(B6<70,5.5,IF(B6<100,7.5,9.5))))) | E6: =IF(D6="","",IF(D6<40,2,IF(D6<55,4.5,IF(D6<70,6.5,IF(D6<85,8.5,10))))) | G6: =IF(F6="","",IF(F6<-5,1,IF(F6<-2,2.5,IF(F6<0,4.5,IF(F6<3,6.5,IF(F6<6,8.5,10)))))) | I6: =IF(H6="","",IF(H6<2,1,IF(H6<3,3,IF(H6<4,5,IF(H6<6,7,IF(H6<8,8,9.5)))))) | K6: =IF(J6="","",IF(J6<0.3,1,IF(J6<0.6,2.5,IF(J6<1,4.5,IF(J6<2,6.5,IF(J6<3,8.5,10)))))) | M6: =IF(L6="","",IF(L6>30,1,IF(L6>20,2.5,IF(L6>10,4.5,IF(L6>5,6.5,IF(L6>0,8.5,10)))))) | N6: =IF(C6="","",ROUND(C6*0.15+E6*0.15+G6*0.25+I6*0.15+K6*0.15+M6*0.15,1)) | O6: =IF(N6="","",IF(N6<3,"冰点期",IF(N6<5,"退潮/修复期",IF(N6<7,"回暖/上升期",IF(N6<9,"高潮期","极度亢奋"))))) | P6: =IF(N6="","",IF(N6<3,"空仓观望",IF(N6<5,"1-2成试探",IF(N6<7,"3-5成正常参与",IF(N6<9,"5-8成积极参与","3成以下防守")))))
C7: =IF(B7="","",IF(B7<20,1.5,IF(B7<40,3.5,IF(B7<70,5.5,IF(B7<100,7.5,9.5))))) | E7: =IF(D7="","",IF(D7<40,2,IF(D7<55,4.5,IF(D7<70,6.5,IF(D7<85,8.5,10))))) | G7: =IF(F7="","",IF(F7<-5,1,IF(F7<-2,2.5,IF(F7<0,4.5,IF(F7<3,6.5,IF(F7<6,8.5,10)))))) | I7: =IF(H7="","",IF(H7<2,1,IF(H7<3,3,IF(H7<4,5,IF(H7<6,7,IF(H7<8,8,9.5)))))) | K7: =IF(J7="","",IF(J7<0.3,1,IF(J7<0.6,2.5,IF(J7<1,4.5,IF(J7<2,6.5,IF(J7<3,8.5,10)))))) | M7: =IF(L7="","",IF(L7>30,1,IF(L7>20,2.5,IF(L7>10,4.5,IF(L7>5,6.5,IF(L7>0,8.5,10)))))) | N7: =IF(C7="","",ROUND(C7*0.15+E7*0.15+G7*0.25+I7*0.15+K7*0.15+M7*0.15,1)) | O7: =IF(N7="","",IF(N7<3,"冰点期",IF(N7<5,"退潮/修复期",IF(N7<7,"回暖/上升期",IF(N7<9,"高潮期","极度亢奋"))))) | P7: =IF(N7="","",IF(N7<3,"空仓观望",IF(N7<5,"1-2成试探",IF(N7<7,"3-5成正常参与",IF(N7<9,"5-8成积极参与","3成以下防守")))))
C8: =IF(B8="","",IF(B8<20,1.5,IF(B8<40,3.5,IF(B8<70,5.5,IF(B8<100,7.5,9.5))))) | E8: =IF(D8="","",IF(D8<40,2,IF(D8<55,4.5,IF(D8<70,6.5,IF(D8<85,8.5,10))))) | G8: =IF(F8="","",IF(F8<-5,1,IF(F8<-2,2.5,IF(F8<0,4.5,IF(F8<3,6.5,IF(F8<6,8.5,10)))))) | I8: =IF(H8="","",IF(H8<2,1,IF(H8<3,3,IF(H8<4,5,IF(H8<6,7,IF(H8<8,8,9.5)))))) | K8: =IF(J8="","",IF(J8<0.3,1,IF(J8<0.6,2.5,IF(J8<1,4.5,IF(J8<2,6.5,IF(J8<3,8.5,10)))))) | M8: =IF(L8="","",IF(L8>30,1,IF(L8>20,2.5,IF(L8>10,4.5,IF(L8>5,6.5,IF(L8>0,8.5,10)))))) | N8: =IF(C8="","",ROUND(C8*0.15+E8*0.15+G8*0.25+I8*0.15+K8*0.15+M8*0.15,1)) | O8: =IF(N8="","",IF(N8<3,"冰点期",IF(N8<5,"退潮/修复期",IF(N8<7,"回暖/上升期",IF(N8<9,"高潮期","极度亢奋"))))) | P8: =IF(N8="","",IF(N8<3,"空仓观望",IF(N8<5,"1-2成试探",IF(N8<7,"3-5成正常参与",IF(N8<9,"5-8成积极参与","3成以下防守")))))
C9: =IF(B9="","",IF(B9<20,1.5,IF(B9<40,3.5,IF(B9<70,5.5,IF(B9<100,7.5,9.5))))) | E9: =IF(D9="","",IF(D9<40,2,IF(D9<55,4.5,IF(D9<70,6.5,IF(D9<85,8.5,10))))) | G9: =IF(F9="","",IF(F9<-5,1,IF(F9<-2,2.5,IF(F9<0,4.5,IF(F9<3,6.5,IF(F9<6,8.5,10)))))) | I9: =IF(H9="","",IF(H9<2,1,IF(H9<3,3,IF(H9<4,5,IF(H9<6,7,IF(H9<8,8,9.5)))))) | K9: =IF(J9="","",IF(J9<0.3,1,IF(J9<0.6,2.5,IF(J9<1,4.5,IF(J9<2,6.5,IF(J9<3,8.5,10)))))) | M9: =IF(L9="","",IF(L9>30,1,IF(L9>20,2.5,IF(L9>10,4.5,IF(L9>5,6.5,IF(L9>0,8.5,10)))))) | N9: =IF(C9="","",ROUND(C9*0.15+E9*0.15+G9*0.25+I9*0.15+K9*0.15+M9*0.15,1)) | O9: =IF(N9="","",IF(N9<3,"冰点期",IF(N9<5,"退潮/修复期",IF(N9<7,"回暖/上升期",IF(N9<9,"高潮期","极度亢奋"))))) | P9: =IF(N9="","",IF(N9<3,"空仓观望",IF(N9<5,"1-2成试探",IF(N9<7,"3-5成正常参与",IF(N9<9,"5-8成积极参与","3成以下防守")))))
C10: =IF(B10="","",IF(B10<20,1.5,IF(B10<40,3.5,IF(B10<70,5.5,IF(B10<100,7.5,9.5))))) | E10: =IF(D10="","",IF(D10<40,2,IF(D10<55,4.5,IF(D10<70,6.5,IF(D10<85,8.5,10))))) | G10: =IF(F10="","",IF(F10<-5,1,IF(F10<-2,2.5,IF(F10<0,4.5,IF(F10<3,6.5,IF(F10<6,8.5,10)))))) | I10: =IF(H10="","",IF(H10<2,1,IF(H10<3,3,IF(H10<4,5,IF(H10<6,7,IF(H10<8,8,9.5)))))) | K10: =IF(J10="","",IF(J10<0.3,1,IF(J10<0.6,2.5,IF(J10<1,4.5,IF(J10<2,6.5,IF(J10<3,8.5,10)))))) | M10: =IF(L10="","",IF(L10>30,1,IF(L10>20,2.5,IF(L10>10,4.5,IF(L10>5,6.5,IF(L10>0,8.5,10)))))) | N10: =IF(C10="","",ROUND(C10*0.15+E10*0.15+G10*0.25+I10*0.15+K10*0.15+M10*0.15,1)) | O10: =IF(N10="","",IF(N10<3,"冰点期",IF(N10<5,"退潮/修复期",IF(N10<7,"回暖/上升期",IF(N10<9,"高潮期","极度亢奋"))))) | P10: =IF(N10="","",IF(N10<3,"空仓观望",IF(N10<5,"1-2成试探",IF(N10<7,"3-5成正常参与",IF(N10<9,"5-8成积极参与","3成以下防守")))))
C11: =IF(B11="","",IF(B11<20,1.5,IF(B11<40,3.5,IF(B11<70,5.5,IF(B11<100,7.5,9.5))))) | E11: =IF(D11="","",IF(D11<40,2,IF(D11<55,4.5,IF(D11<70,6.5,IF(D11<85,8.5,10))))) | G11: =IF(F11="","",IF(F11<-5,1,IF(F11<-2,2.5,IF(F11<0,4.5,IF(F11<3,6.5,IF(F11<6,8.5,10)))))) | I11: =IF(H11="","",IF(H11<2,1,IF(H11<3,3,IF(H11<4,5,IF(H11<6,7,IF(H11<8,8,9.5)))))) | K11: =IF(J11="","",IF(J11<0.3,1,IF(J11<0.6,2.5,IF(J11<1,4.5,IF(J11<2,6.5,IF(J11<3,8.5,10)))))) | M11: =IF(L11="","",IF(L11>30,1,IF(L11>20,2.5,IF(L11>10,4.5,IF(L11>5,6.5,IF(L11>0,8.5,10)))))) | N11: =IF(C11="","",ROUND(C11*0.15+E11*0.15+G11*0.25+I11*0.15+K11*0.15+M11*0.15,1)) | O11: =IF(N11="","",IF(N11<3,"冰点期",IF(N11<5,"退潮/修复期",IF(N11<7,"回暖/上升期",IF(N11<9,"高潮期","极度亢奋"))))) | P11: =IF(N11="","",IF(N11<3,"空仓观望",IF(N11<5,"1-2成试探",IF(N11<7,"3-5成正常参与",IF(N11<9,"5-8成积极参与","3成以下防守")))))
C12: =IF(B12="","",IF(B12<20,1.5,IF(B12<40,3.5,IF(B12<70,5.5,IF(B12<100,7.5,9.5))))) | E12: =IF(D12="","",IF(D12<40,2,IF(D12<55,4.5,IF(D12<70,6.5,IF(D12<85,8.5,10))))) | G12: =IF(F12="","",IF(F12<-5,1,IF(F12<-2,2.5,IF(F12<0,4.5,IF(F12<3,6.5,IF(F12<6,8.5,10)))))) | I12: =IF(H12="","",IF(H12<2,1,IF(H12<3,3,IF(H12<4,5,IF(H12<6,7,IF(H12<8,8,9.5)))))) | K12: =IF(J12="","",IF(J12<0.3,1,IF(J12<0.6,2.5,IF(J12<1,4.5,IF(J12<2,6.5,IF(J12<3,8.5,10)))))) | M12: =IF(L12="","",IF(L12>30,1,IF(L12>20,2.5,IF(L12>10,4.5,IF(L12>5,6.5,IF(L12>0,8.5,10)))))) | N12: =IF(C12="","",ROUND(C12*0.15+E12*0.15+G12*0.25+I12*0.15+K12*0.15+M12*0.15,1)) | O12: =IF(N12="","",IF(N12<3,"冰点期",IF(N12<5,"退潮/修复期",IF(N12<7,"回暖/上升期",IF(N12<9,"高潮期","极度亢奋"))))) | P12: =IF(N12="","",IF(N12<3,"空仓观望",IF(N12<5,"1-2成试探",IF(N12<7,"3-5成正常参与",IF(N12<9,"5-8成积极参与","3成以下防守")))))
C13: =IF(B13="","",IF(B13<20,1.5,IF(B13<40,3.5,IF(B13<70,5.5,IF(B13<100,7.5,9.5))))) | E13: =IF(D13="","",IF(D13<40,2,IF(D13<55,4.5,IF(D13<70,6.5,IF(D13<85,8.5,10))))) | G13: =IF(F13="","",IF(F13<-5,1,IF(F13<-2,2.5,IF(F13<0,4.5,IF(F13<3,6.5,IF(F13<6,8.5,10)))))) | I13: =IF(H13="","",IF(H13<2,1,IF(H13<3,3,IF(H13<4,5,IF(H13<6,7,IF(H13<8,8,9.5)))))) | K13: =IF(J13="","",IF(J13<0.3,1,IF(J13<0.6,2.5,IF(J13<1,4.5,IF(J13<2,6.5,IF(J13<3,8.5,10)))))) | M13: =IF(L13="","",IF(L13>30,1,IF(L13>20,2.5,IF(L13>10,4.5,IF(L13>5,6.5,IF(L13>0,8.5,10)))))) | N13: =IF(C13="","",ROUND(C13*0.15+E13*0.15+G13*0.25+I13*0.15+K13*0.15+M13*0.15,1)) | O13: =IF(N13="","",IF(N13<3,"冰点期",IF(N13<5,"退潮/修复期",IF(N13<7,"回暖/上升期",IF(N13<9,"高潮期","极度亢奋"))))) | P13: =IF(N13="","",IF(N13<3,"空仓观望",IF(N13<5,"1-2成试探",IF(N13<7,"3-5成正常参与",IF(N13<9,"5-8成积极参与","3成以下防守")))))
C14: =IF(B14="","",IF(B14<20,1.5,IF(B14<40,3.5,IF(B14<70,5.5,IF(B14<100,7.5,9.5))))) | E14: =IF(D14="","",IF(D14<40,2,IF(D14<55,4.5,IF(D14<70,6.5,IF(D14<85,8.5,10))))) | G14: =IF(F14="","",IF(F14<-5,1,IF(F14<-2,2.5,IF(F14<0,4.5,IF(F14<3,6.5,IF(F14<6,8.5,10)))))) | I14: =IF(H14="","",IF(H14<2,1,IF(H14<3,3,IF(H14<4,5,IF(H14<6,7,IF(H14<8,8,9.5)))))) | K14: =IF(J14="","",IF(J14<0.3,1,IF(J14<0.6,2.5,IF(J14<1,4.5,IF(J14<2,6.5,IF(J14<3,8.5,10)))))) | M14: =IF(L14="","",IF(L14>30,1,IF(L14>20,2.5,IF(L14>10,4.5,IF(L14>5,6.5,IF(L14>0,8.5,10)))))) | N14: =IF(C14="","",ROUND(C14*0.15+E14*0.15+G14*0.25+I14*0.15+K14*0.15+M14*0.15,1)) | O14: =IF(N14="","",IF(N14<3,"冰点期",IF(N14<5,"退潮/修复期",IF(N14<7,"回暖/上升期",IF(N14<9,"高潮期","极度亢奋"))))) | P14: =IF(N14="","",IF(N14<3,"空仓观望",IF(N14<5,"1-2成试探",IF(N14<7,"3-5成正常参与",IF(N14<9,"5-8成积极参与","3成以下防守")))))
C15: =IF(B15="","",IF(B15<20,1.5,IF(B15<40,3.5,IF(B15<70,5.5,IF(B15<100,7.5,9.5))))) | E15: =IF(D15="","",IF(D15<40,2,IF(D15<55,4.5,IF(D15<70,6.5,IF(D15<85,8.5,10))))) | G15: =IF(F15="","",IF(F15<-5,1,IF(F15<-2,2.5,IF(F15<0,4.5,IF(F15<3,6.5,IF(F15<6,8.5,10)))))) | I15: =IF(H15="","",IF(H15<2,1,IF(H15<3,3,IF(H15<4,5,IF(H15<6,7,IF(H15<8,8,9.5)))))) | K15: =IF(J15="","",IF(J15<0.3,1,IF(J15<0.6,2.5,IF(J15<1,4.5,IF(J15<2,6.5,IF(J15<3,8.5,10)))))) | M15: =IF(L15="","",IF(L15>30,1,IF(L15>20,2.5,IF(L15>10,4.5,IF(L15>5,6.5,IF(L15>0,8.5,10)))))) | N15: =IF(C15="","",ROUND(C15*0.15+E15*0.15+G15*0.25+I15*0.15+K15*0.15+M15*0.15,1)) | O15: =IF(N15="","",IF(N15<3,"冰点期",IF(N15<5,"退潮/修复期",IF(N15<7,"回暖/上升期",IF(N15<9,"高潮期","极度亢奋"))))) | P15: =IF(N15="","",IF(N15<3,"空仓观望",IF(N15<5,"1-2成试探",IF(N15<7,"3-5成正常参与",IF(N15<9,"5-8成积极参与","3成以下防守")))))
C16: =IF(B16="","",IF(B16<20,1.5,IF(B16<40,3.5,IF(B16<70,5.5,IF(B16<100,7.5,9.5))))) | E16: =IF(D16="","",IF(D16<40,2,IF(D16<55,4.5,IF(D16<70,6.5,IF(D16<85,8.5,10))))) | G16: =IF(F16="","",IF(F16<-5,1,IF(F16<-2,2.5,IF(F16<0,4.5,IF(F16<3,6.5,IF(F16<6,8.5,10)))))) | I16: =IF(H16="","",IF(H16<2,1,IF(H16<3,3,IF(H16<4,5,IF(H16<6,7,IF(H16<8,8,9.5)))))) | K16: =IF(J16="","",IF(J16<0.3,1,IF(J16<0.6,2.5,IF(J16<1,4.5,IF(J16<2,6.5,IF(J16<3,8.5,10)))))) | M16: =IF(L16="","",IF(L16>30,1,IF(L16>20,2.5,IF(L16>10,4.5,IF(L16>5,6.5,IF(L16>0,8.5,10)))))) | N16: =IF(C16="","",ROUND(C16*0.15+E16*0.15+G16*0.25+I16*0.15+K16*0.15+M16*0.15,1)) | O16: =IF(N16="","",IF(N16<3,"冰点期",IF(N16<5,"退潮/修复期",IF(N16<7,"回暖/上升期",IF(N16<9,"高潮期","极度亢奋"))))) | P16: =IF(N16="","",IF(N16<3,"空仓观望",IF(N16<5,"1-2成试探",IF(N16<7,"3-5成正常参与",IF(N16<9,"5-8成积极参与","3成以下防守")))))
... C104: =IF(B104="","",IF(B104<20,1.5,IF(B104<40,3.5,IF(B104<70,5.5,IF(B104<100,7.5,9.5))))) | E104: =IF(D104="","",IF(D104<40,2,IF(D104<55,4.5,IF(D104<70,6.5,IF(D104<85,8.5,10))))) | G104: =IF(F104="","",IF(F104<-5,1,IF(F104<-2,2.5,IF(F104<0,4.5,IF(F104<3,6.5,IF(F104<6,8.5,10)))))) | I104: =IF(H104="","",IF(H104<2,1,IF(H104<3,3,IF(H104<4,5,IF(H104<6,7,IF(H104<8,8,9.5)))))) | K104: =IF(J104="","",IF(J104<0.3,1,IF(J104<0.6,2.5,IF(J104<1,4.5,IF(J104<2,6.5,IF(J104<3,8.5,10)))))) | M104: =IF(L104="","",IF(L104>30,1,IF(L104>20,2.5,IF(L104>10,4.5,IF(L104>5,6.5,IF(L104>0,8.5,10)))))) | N104: =IF(C104="","",ROUND(C104*0.15+E104*0.15+G104*0.25+I104*0.15+K104*0.15+M104*0.15,1)) | O104: =IF(N104="","",IF(N104<3,"冰点期",IF(N104<5,"退潮/修复期",IF(N104<7,"回暖/上升期",IF(N104<9,"高潮期","极度亢奋"))))) | P104: =IF(N104="","",IF(N104<3,"空仓观望",IF(N104<5,"1-2成试探",IF(N104<7,"3-5成正常参与",IF(N104<9,"5-8成积极参与","3成以下防守")))))
